finbif_api_var,                                               translated_var,                                     dwc,                                              default_var, quality_var, type,      class,     single, select, order, doc
unit.linkings.taxon.scientificName,                           scientific_name,                                    scientificName,                                   TRUE,        FALSE,       character, character, TRUE,   TRUE,   TRUE,  TRUE
unit.linkings.taxon.taxonRank,                                taxon_rank,                                         taxonRankID,                                      TRUE,        FALSE,       character, uri,       TRUE,   TRUE,   TRUE,  TRUE
unit.interpretations.individualCount,                         abundance,                                          individualCount,                                  TRUE,        FALSE,       integer,   integer,   TRUE,   TRUE,   TRUE,  TRUE
unit.abundanceString,                                         abundance_verbatim,                                 verbatimAbundance,                                FALSE,       FALSE,       character, character, TRUE,   TRUE,   TRUE,  TRUE
gathering.interpretations.countryDisplayname,                 country,                                            country,                                          TRUE,        FALSE,       character, character, TRUE,   TRUE,   TRUE,  TRUE
gathering.interpretations.biogeographicalProvinceDisplayname, province,                                           stateProvince,                                    TRUE,        FALSE,       character, character, TRUE,   TRUE,   TRUE,  TRUE
gathering.interpretations.municipalityDisplayname,            municipality,                                       county,                                           TRUE,        FALSE,       character, character, TRUE,   TRUE,   TRUE,  TRUE
gathering.conversions.wgs84CenterPoint.lat,                   lat_wgs84,                                          decimalLatitude,                                  TRUE,        FALSE,       double,    double,    TRUE,   TRUE,   TRUE,  TRUE
gathering.conversions.wgs84CenterPoint.lon,                   lon_wgs84,                                          decimalLongitude,                                 TRUE,        FALSE,       double,    double,    TRUE,   TRUE,   TRUE,  TRUE
gathering.conversions.wgs84WKT,                               footprint_wgs84,                                    footprintWKT,                                     FALSE,       FALSE,       character, character, TRUE,   TRUE,   FALSE, TRUE
gathering.conversions.linelengthInMeters,                     line_length_m,                                      lineLengthMeters,                                 FALSE,       FALSE,       integer,   integer,   TRUE,   TRUE,   FALSE, TRUE
gathering.conversions.boundingBoxAreaInSquareMeters,          area_m2,                                            areaMetersSquared,                                FALSE,       FALSE,       integer,   integer,   TRUE,   TRUE,   TRUE,  TRUE
gathering.eventDate.begin,                                    date_start,                                         eventDateStart,                                   TRUE,        FALSE,       character, date,      TRUE,   TRUE,   TRUE,  TRUE
gathering.eventDate.end,                                      date_end,                                           eventDateEnd,                                     TRUE,        FALSE,       character, date,      TRUE,   TRUE,   TRUE,  TRUE
gathering.hourBegin,                                          hour_start,                                         hourStart,                                        TRUE,        FALSE,       integer,   integer,   TRUE,   TRUE,   TRUE,  TRUE
gathering.hourEnd,                                            hour_end,                                           hourEnd,                                          TRUE,        FALSE,       integer,   integer,   TRUE,   TRUE,   TRUE,  TRUE
gathering.minutesBegin,                                       minute_start,                                       minuteStart,                                      TRUE,        FALSE,       integer,   integer,   TRUE,   TRUE,   TRUE,  TRUE
gathering.minutesEnd,                                         minute_end,                                         minuteEnd,                                        TRUE,        FALSE,       integer,   integer,   TRUE,   TRUE,   TRUE,  TRUE
unit.unitId,                                                  record_id,                                          occurrenceID,                                     TRUE,        FALSE,       character, uri,       TRUE,   TRUE,   TRUE,  TRUE
unit.individualId,                                            individual_id,                                      organismID,                                       TRUE,        FALSE,       character, uri,       TRUE,   TRUE,   TRUE,  TRUE
gathering.gatheringId,                                        event_id,                                           eventID,                                          TRUE,        FALSE,       character, uri,       TRUE,   TRUE,   TRUE,  TRUE
document.collectionId,                                        collection_id,                                      collectionID,                                     TRUE,        FALSE,       character, uri,       TRUE,   TRUE,   TRUE,  TRUE
unit.annotationCount,                                         record_annotation_count,                            occurrenceAnnotationCount,                        FALSE,       FALSE,       integer,   integer,   TRUE,   TRUE,   FALSE, TRUE
unit.annotations.annotationByPerson,                          record_annotation_person_id,                        occurrenceAnnotationByID,                         FALSE,       FALSE,       character, uri,       FALSE,  TRUE,   FALSE, FALSE
unit.annotations.annotationByPersonName,                      record_annotation_person_name,                      occurrenceAnnotationBy,                           FALSE,       FALSE,       character, uri,       FALSE,  TRUE,   FALSE, FALSE
unit.annotations.annotationBySystem,                          record_annotation_system_id,                        occurrenceAnnotationSystemID,                     FALSE,       FALSE,       character, uri,       FALSE,  TRUE,   FALSE, FALSE
unit.annotations.annotationBySystemName,                      record_annotation_system_name,                      occurrenceAnnotationSystem,                       FALSE,       FALSE,       character, uri,       FALSE,  TRUE,   FALSE, FALSE
unit.annotations.annotationClass,                             record_annotation_class,                            occurrenceAnnotationClass,                        FALSE,       FALSE,       character, factor,    FALSE,  TRUE,   FALSE, FALSE
unit.annotations.created,                                     record_annotation_created,                          occurrenceAnnotationDate,                         FALSE,       FALSE,       character, character, FALSE,  TRUE,   FALSE, FALSE
unit.annotations.id,                                          record_annotation_id,                               occurrenceAnnotationID,                           FALSE,       FALSE,       character, uri,       FALSE,  TRUE,   FALSE, FALSE
unit.annotations.invasiveControlEffectiveness,                record_annotation_invasive_control_effectiveness,   occurrenceAnnotationInvasiveControlEffectiveness, FALSE,       FALSE,       character, factor,    FALSE,  TRUE,   FALSE, FALSE
unit.annotations.notes,                                       record_annotation_notes,                            occurrenceAnnotationRemarks,                      FALSE,       FALSE,       character, character, FALSE,  TRUE,   FALSE, FALSE
unit.annotations.opinion,                                     record_annotation_opinion,                          occurrenceAnnotationOpinion,                      FALSE,       FALSE,       character, character, FALSE,  TRUE,   FALSE, FALSE
unit.annotations.type,                                        record_annotation_type,                             occurrenceAnnotationType,                         FALSE,       FALSE,       character, factor,    FALSE,  TRUE,   FALSE, FALSE
unit.author,                                                  reported_author,                                    verbatimScientificNameAuthorship,                 FALSE,       FALSE,       character, character, TRUE,   TRUE,   TRUE,  TRUE
unit.breedingSite,                                            is_breeding_location,                               breedingLocationStatus,                           FALSE,       FALSE,       logical,   logical,   TRUE,   TRUE,   TRUE,  TRUE
unit.det,                                                     determiner,                                         identifiedBy,                                     FALSE,       FALSE,       character, character, TRUE,   TRUE,   TRUE,  TRUE
unit.facts.decimalValue,                                      record_fact_decimal,                                occurrenceFactDecimal,                            FALSE,       FALSE,       double,    double,    FALSE,  TRUE,   FALSE, FALSE
unit.facts.fact,                                              record_fact_content,                                occurrenceFactContent,                            FALSE,       FALSE,       character, character, FALSE,  TRUE,   FALSE, FALSE
unit.facts.integerValue,                                      record_fact_integer,                                occurrenceFactInteger,                            FALSE,       FALSE,       integer,   integer,   FALSE,  TRUE,   FALSE, FALSE
unit.facts.value,                                             record_fact_value,                                  occurrenceFactValue,                              FALSE,       FALSE,       character, character, FALSE,  TRUE,   FALSE, FALSE
unit.individualCountFemale,                                   female_abundance,                                   individualCountFemale,                            FALSE,       FALSE,       integer,   integer,   TRUE,   TRUE,   FALSE, TRUE
unit.individualCountMale,                                     male_abundance,                                     individualCountMale,                              FALSE,       FALSE,       integer,   integer,   TRUE,   TRUE,   FALSE, TRUE
unit.interpretations.annotatedTaxonId,                        annotated_taxon_id,                                 annotatedTaxonID,                                 FALSE,       FALSE,       character, uri,       TRUE,   TRUE,   TRUE,  TRUE
unit.interpretations.pairCount,                               pair_abundance,                                     pairCount,                                        FALSE,       FALSE,       integer,   integer,   TRUE,   TRUE,   FALSE, TRUE
unit.interpretations.unidentifiable,                          is_unidentifiable,                                  identificationImpossible,                         FALSE,       FALSE,       logical,   logical,   TRUE,   TRUE,   FALSE, TRUE
unit.invasiveControlEffectiveness,                            invasive_control_effectiveness,                     invasiveControlEffectiveness,                     FALSE,       FALSE,       character, factor,    TRUE,   TRUE,   TRUE,  FALSE
unit.invasiveControlled,                                      invasive_control,                                   invasiveControlled,                               FALSE,       FALSE,       logical,   logical,   TRUE,   TRUE,   TRUE,  FALSE
unit.lifeStage,                                               life_stage,                                         lifeStage,                                        FALSE,       FALSE,       character, factor,    TRUE,   TRUE,   TRUE,  TRUE
unit.linkings.originalTaxon.checklist,                        orig_taxon_checklist,                               orginalTaxonChecklist,                            FALSE,       FALSE,       character, uri,       TRUE,   TRUE,   FALSE, TRUE
unit.linkings.originalTaxon.cursiveName,                      orig_scientific_name_italicised,                    originalScientificNameItalicised,                 FALSE,       FALSE,       logical,   logical,   TRUE,   TRUE,   FALSE, TRUE
unit.linkings.originalTaxon.finnish,                          orig_taxon_finnish,                                 originalTaxonNameFinnish,                         FALSE,       FALSE,       logical,   logical,   TRUE,   TRUE,   TRUE,  TRUE
unit.linkings.originalTaxon.id,                               orig_taxon_id,                                      originalTaxonID,                                  FALSE,       FALSE,       character, uri,       TRUE,   TRUE,   FALSE, TRUE
unit.linkings.originalTaxon.informalTaxonGroups,              orig_informal_groups,                               originalInformalTaxonGroup,                       FALSE,       FALSE,       character, character, FALSE,  TRUE,   FALSE, TRUE
unit.linkings.originalTaxon.scientificName,                   orig_scientific_name,                               originalScientificName,                           FALSE,       FALSE,       character, character, TRUE,   TRUE,   TRUE,  TRUE
unit.linkings.originalTaxon.scientificNameAuthorship,         orig_scientific_name_author,                        originalScientificNameAuthorship,                 FALSE,       FALSE,       character, character, TRUE,   TRUE,   FALSE, TRUE
unit.linkings.originalTaxon.scientificNameDisplayName,        orig_scientific_display_name,                       originalScientificNameDisplay,                    FALSE,       FALSE,       character, character, TRUE,   TRUE,   TRUE,  TRUE
unit.linkings.originalTaxon.taxonRank,                        orig_taxon_rank,                                    originalTaxonRankID,                              FALSE,       FALSE,       character, factor,    TRUE,   TRUE,   TRUE,  TRUE
unit.linkings.originalTaxon.vernacularName,                   orig_common_name,                                   originalVernacularName,                           FALSE,       FALSE,       character, character, TRUE,   TRUE,   FALSE, TRUE
unit.linkings.taxon.checklist,                                taxon_checklist,                                    taxonChecklist,                                   FALSE,       FALSE,       character, uri,       TRUE,   TRUE,   FALSE, TRUE
unit.linkings.taxon.cursiveName,                              scientific_name_italicised,                         scientificNameItalicised,                         FALSE,       FALSE,       logical,   logical,   TRUE,   TRUE,   FALSE, TRUE
unit.linkings.taxon.finnish,                                  taxon_finnish,                                      taxonFinnishStatus,                               FALSE,       FALSE,       logical,   logical,   TRUE,   TRUE,   TRUE,  TRUE
unit.linkings.taxon.id,                                       taxon_id,                                           taxonID,                                          FALSE,       FALSE,       character, uri,       TRUE,   TRUE,   FALSE, TRUE
unit.linkings.taxon.informalTaxonGroups,                      informal_groups,                                    informalTaxonGroup,                               FALSE,       FALSE,       character, character, FALSE,  TRUE,   FALSE, TRUE
unit.linkings.taxon.scientificNameAuthorship,                 scientific_name_author,                             scientificNameAuthorship,                         FALSE,       FALSE,       character, character, TRUE,   TRUE,   FALSE, TRUE
unit.linkings.taxon.scientificNameDisplayName,                scientific_display_name,                            scientificNameDisplay,                            FALSE,       FALSE,       character, character, TRUE,   TRUE,   TRUE,  TRUE
unit.linkings.taxon.vernacularName,                           common_name,                                        vernacularName,                                   FALSE,       FALSE,       character, character, TRUE,   TRUE,   FALSE, TRUE
unit.media.author,                                            record_media_author,                                occurrenceAssociatedMediaBy,                      FALSE,       FALSE,       character, character, FALSE,  TRUE,   FALSE, TRUE
unit.media.caption,                                           record_media_caption,                               occurrenceAssociatedMediaCaption,                 FALSE,       FALSE,       character, character, FALSE,  TRUE,   FALSE, TRUE
unit.media.copyrightOwner,                                    record_media_copyright,                             occurrenceAssociatedMediaRightsHolder,            FALSE,       FALSE,       character, character, FALSE,  TRUE,   FALSE, TRUE
unit.media.fullURL,                                           record_media_url,                                   occurrenceAssociatedMediaURL,                     FALSE,       FALSE,       character, uri,       FALSE,  TRUE,   FALSE, TRUE
unit.media.licenseAbbreviation,                               record_media_license_abbr,                          occurrenceAssociatedMediaLicenseAbbreviation,     FALSE,       FALSE,       character, character, FALSE,  TRUE,   FALSE, TRUE
unit.media.licenseId,                                         record_media_license_id,                            occurrenceAssociatedMediaLicenseID,               FALSE,       FALSE,       character, uri,       FALSE,  TRUE,   FALSE, TRUE
unit.media.mediaType,                                         record_media_type,                                  occurrenceAssociatedMediaLicenseType,             FALSE,       FALSE,       character, factor,    FALSE,  TRUE,   FALSE, TRUE
unit.media.squareThumbnailURL,                                record_thumbnail_square,                            occurrenceAssociatedMediaSquareThumbnailURL,      FALSE,       FALSE,       character, uri,       FALSE,  TRUE,   FALSE, TRUE
unit.media.thumbnailURL,                                      record_thumbnail,                                   occurrenceAssociatedMediaThumbnailURL,            FALSE,       FALSE,       character, uri,       FALSE,  TRUE,   FALSE, TRUE
unit.mediaCount,                                              record_media_count,                                 occurrenceAssociatedMediaCount,                   FALSE,       FALSE,       integer,   integer,   TRUE,   TRUE,   TRUE,  TRUE
unit.notes,                                                   record_notes,                                       occurrenceRemarks,                                FALSE,       FALSE,       character, character, TRUE,   TRUE,   FALSE, TRUE
unit.quality.documentGatheringUnitQualityIssues,              any_issues,                                         hasIssues,                                        TRUE,        TRUE,        logical,   logical,   TRUE,   TRUE,   TRUE,  TRUE
unit.quality.issue.issue,                                     record_issue,                                       occurrenceIssue,                                  TRUE,        TRUE,        character, factor,    TRUE,   TRUE,   TRUE,  TRUE
unit.quality.issue.message,                                   record_issue_message,                               occurrenceIssueRemarks,                           FALSE,       TRUE,        character, character, TRUE,   TRUE,   FALSE, TRUE
unit.quality.issue.source,                                    record_issue_source,                                occurrenceIssueSource,                            FALSE,       TRUE,        character, factor,    TRUE,   TRUE,   TRUE,  TRUE
unit.quality.reliable,                                        record_reliable,                                    occurrenceReliable,                               TRUE,        TRUE,        logical,   logical,   TRUE,   TRUE,   TRUE,  TRUE
unit.quality.taxon.message,                                   taxon_reliability_message,                          identificationQualifierRemarks,                   FALSE,       TRUE,        character, character, TRUE,   TRUE,   FALSE, TRUE
unit.quality.taxon.reliability,                               taxon_reliability,                                  identificationQualifier,                          TRUE,        TRUE,        character, factor,    TRUE,   TRUE,   TRUE,  TRUE
unit.quality.taxon.source,                                    taxon_reliability_source,                           identificationQualifierSource,                    FALSE,       TRUE,        character, factor,    TRUE,   TRUE,   TRUE,  TRUE
unit.recordBasis,                                             record_basis,                                       basisOfRecord,                                    FALSE,       FALSE,       character, factor,    TRUE,   TRUE,   TRUE,  TRUE
unit.referencePublication,                                    reference_publication,                              bibliographicCitation,                            FALSE,       FALSE,       character, uri,       TRUE,   TRUE,   TRUE,  TRUE
unit.reportedInformalTaxonGroup,                              reported_informal_groups,                           verbatimInformalTaxonomicGroup,                   FALSE,       FALSE,       character, uri,       FALSE,  TRUE,   FALSE, TRUE
unit.reportedTaxonConfidence,                                 reported_taxon_confidence,                          verbatimIdentifactionQualifer,                    FALSE,       FALSE,       character, factor,    TRUE,   TRUE,   TRUE,  TRUE
unit.reportedTaxonId,                                         reported_taxon_id,                                  verbatimTaxonID,                                  FALSE,       FALSE,       character, uri,       TRUE,   TRUE,   FALSE, TRUE
unit.sex,                                                     sex,                                                sex,                                              FALSE,       FALSE,       character, factor,    TRUE,   TRUE,   TRUE,  TRUE
unit.superRecordBasis,                                        superrecord_basis,                                  basisOfSuperRecord,                               FALSE,       FALSE,       character, factor,    TRUE,   TRUE,   TRUE,  TRUE
unit.taxonVerbatim,                                           reported_name,                                      verbatimTaxonName,                                FALSE,       FALSE,       character, character, TRUE,   TRUE,   TRUE,  TRUE
unit.typeSpecimen,                                            type_specimen,                                      typeStatus,                                       FALSE,       FALSE,       logical,   logical,   TRUE,   TRUE,   TRUE,  TRUE
unit.unitOrder,                                               record_order,                                       occurrenceOrder,                                  FALSE,       FALSE,       integer,   integer,   TRUE,   TRUE,   TRUE,  TRUE
unit.wild,                                                    wild_status,                                        occurrenceWildStatus,                             FALSE,       FALSE,       character, factor,    TRUE,   TRUE,   TRUE,  TRUE
document.conservationReasonSecured,                           restriction_reasons_conservation,                   dataGeneralizationsConservationReason,            FALSE,       FALSE,       logical,   logical,   TRUE,   TRUE,   TRUE,  TRUE
document.createdDate,                                         date_created,                                       documentCreatedDate,                              FALSE,       FALSE,       character, date,      TRUE,   TRUE,   TRUE,  TRUE
document.customReasonSecured,                                 restriction_reasons_custom,                         dataGeneralizationsCustomReason,                  FALSE,       FALSE,       logical,   logical,   TRUE,   TRUE,   TRUE,  TRUE
document.dataQuarantinePeriodReasonSecured,                   restriction_reasons_embargo,                        dataGeneralizationsEmbargoReason,                 FALSE,       FALSE,       logical,   logical,   TRUE,   TRUE,   TRUE,  TRUE
document.documentId,                                          document_id,                                        documentID,                                       FALSE,       FALSE,       character, uri,       TRUE,   TRUE,   TRUE,  TRUE
document.editorUserIds,                                       editor_user_ids,                                    editorUserID,                                     FALSE,       FALSE,       character, uri,       FALSE,  TRUE,   FALSE, FALSE
document.facts.decimalValue,                                  document_fact_decimal,                              documentFactDecimal,                              FALSE,       FALSE,       double,    double,    FALSE,  TRUE,   FALSE, FALSE
document.facts.fact,                                          document_fact_content,                              documentFactContent,                              FALSE,       FALSE,       character, character, FALSE,  TRUE,   FALSE, FALSE
document.facts.integerValue,                                  document_fact_integer,                              documentFactInteger,                              FALSE,       FALSE,       integer,   integer,   FALSE,  TRUE,   FALSE, FALSE
document.facts.value,                                         document_fact_value,                                documentFactValue,                                FALSE,       FALSE,       character, character, FALSE,  TRUE,   FALSE, FALSE
document.firstLoadDate,                                       first_load_date,                                    documentFirstLoadedDate,                          FALSE,       FALSE,       character, date,      TRUE,   TRUE,   TRUE,  TRUE
document.formId,                                              form_id,                                            formID,                                           FALSE,       FALSE,       character, uri,       TRUE,   TRUE,   FALSE, TRUE
document.keywords,                                            document_keywords,                                  documentKeywords,                                 FALSE,       FALSE,       character, character, FALSE,  TRUE,   FALSE, TRUE
document.licenseId,                                           license,                                            documentLicenseID,                                FALSE,       FALSE,       character, uri,       FALSE,  TRUE,   FALSE, TRUE
document.linkings.editors.fullName,                           editor_name,                                        documentEditedBy,                                 FALSE,       FALSE,       character, character, FALSE,  TRUE,   FALSE, FALSE
document.linkings.editors.id,                                 editor_id,                                          documentEditedByID,                               FALSE,       FALSE,       character, uri,       FALSE,  TRUE,   FALSE, FALSE
document.linkings.editors.userId,                             editor_user_id,                                     documentEditedByUserID,                           FALSE,       FALSE,       character, uri,       FALSE,  TRUE,   FALSE, FALSE
document.loadDate,                                            load_date,                                          documentLoadedDate,                               FALSE,       FALSE,       character, date,      TRUE,   TRUE,   TRUE,  TRUE
document.media.author,                                        document_media_author,                              documentAssociatedMediaBy,                        FALSE,       FALSE,       character, character, FALSE,  TRUE,   FALSE, TRUE
document.media.caption,                                       document_media_caption,                             documentAssociatedMediaCaption,                   FALSE,       FALSE,       character, character, FALSE,  TRUE,   FALSE, TRUE
document.media.copyrightOwner,                                document_media_copyright,                           documentAssociatedMediaRightsHolder,              FALSE,       FALSE,       character, character, FALSE,  TRUE,   FALSE, TRUE
document.media.fullURL,                                       document_media_url,                                 documentAssociatedMediaURL,                       FALSE,       FALSE,       character, uri,       FALSE,  TRUE,   FALSE, TRUE
document.media.licenseAbbreviation,                           document_media_license_abbr,                        documentAssociatedMediaLicenseAbbreviation,       FALSE,       FALSE,       character, character, FALSE,  TRUE,   FALSE, TRUE
document.media.licenseId,                                     document_media_license_id,                          documentAssociatedMediaLicenseID,                 FALSE,       FALSE,       character, uri,       FALSE,  TRUE,   FALSE, TRUE
document.media.mediaType,                                     document_media_type,                                documentAssociatedMediaLicenseType,               FALSE,       FALSE,       character, factor,    FALSE,  TRUE,   FALSE, TRUE
document.media.squareThumbnailURL,                            document_thumbnail_square,                          documentAssociatedMediaSquareThumbnailURL,        FALSE,       FALSE,       character, uri,       FALSE,  TRUE,   FALSE, TRUE
document.media.thumbnailURL,                                  document_thumbnail,                                 documentAssociatedMediaThumbnailURL,              FALSE,       FALSE,       character, uri,       FALSE,  TRUE,   FALSE, TRUE
document.mediaCount,                                          document_media_count,                               documentAssociatedMediaCount,                     FALSE,       FALSE,       integer,   integer,   FALSE,  TRUE,   TRUE,  TRUE
document.modifiedDate,                                        modified_date,                                      documentModified,                                 FALSE,       FALSE,       character, date,      TRUE,   TRUE,   TRUE,  TRUE
document.namedPlaceId,                                        location_id,                                        locationID,                                       FALSE,       FALSE,       character, uri,       TRUE,   TRUE,   FALSE, FALSE
document.notes,                                               document_notes,                                     documentRemarks,                                  FALSE,       FALSE,       character, character, TRUE,   TRUE,   FALSE, TRUE
document.partial,                                             partial,                                            documentPartialStatus,                            FALSE,       FALSE,       logical,   logical,   TRUE,   TRUE,   FALSE, TRUE
document.quality.issue.issue,                                 document_issue,                                     documentIssue,                                    TRUE,        TRUE,        character, factor,    TRUE,   TRUE,   TRUE,  TRUE
document.quality.issue.message,                               document_issue_message,                             documentIssueRemarks,                             FALSE,       TRUE,        character, character, TRUE,   TRUE,   FALSE, TRUE
document.quality.issue.source,                                document_issue_source,                              documentIssueSource,                              FALSE,       TRUE,        character, factor,    TRUE,   TRUE,   TRUE,  TRUE
document.quality.reliabilityOfCollection,                     document_reliablity,                                documentReliability,                              TRUE,        TRUE,        integer,   integer,   TRUE,   TRUE,   TRUE,  TRUE
document.secureLevel,                                         restriction_level,                                  documentInformationWithheld,                      FALSE,       FALSE,       character, factor,    TRUE,   TRUE,   TRUE,  TRUE
document.secureReasons,                                       restriction_reasons,                                documentInformationWithheldReasons,               FALSE,       FALSE,       character, factor,    FALSE,  TRUE,   FALSE, TRUE
document.secured,                                             restriction,                                        informationRestricted,                            FALSE,       FALSE,       logical,   logical,   TRUE,   TRUE,   TRUE,  TRUE
document.sourceId,                                            source_id,                                          sourceID,                                         FALSE,       FALSE,       character, uri,       TRUE,   TRUE,   TRUE,  TRUE
gathering.biogeographicalProvince,                            province_verbatim,                                  verbatimStateProvince,                            FALSE,       FALSE,       character, character, TRUE,   TRUE,   TRUE,  FALSE
gathering.conversions.century,                                century,                                            century,                                          FALSE,       FALSE,       integer,   integer,   TRUE,   TRUE,   TRUE,  TRUE
gathering.conversions.day,                                    day,                                                day,                                              FALSE,       FALSE,       integer,   integer,   TRUE,   TRUE,   TRUE,  TRUE
gathering.conversions.dayOfYearBegin,                         ordinal_day_start,                                  startDayOfYear,                                   FALSE,       FALSE,       integer,   integer,   TRUE,   TRUE,   TRUE,  TRUE
gathering.conversions.dayOfYearEnd,                           ordinal_day_end,                                    endDayOfYear,                                     FALSE,       FALSE,       integer,   integer,   TRUE,   TRUE,   TRUE,  TRUE
gathering.conversions.decade,                                 decade,                                             decade,                                           FALSE,       FALSE,       integer,   integer,   TRUE,   TRUE,   TRUE,  TRUE
gathering.conversions.euref.latMax,                           lat_max_euref,                                      decimalLatitudeMaxEUREF,                          FALSE,       FALSE,       integer,   integer,   TRUE,   TRUE,   TRUE,  TRUE
gathering.conversions.euref.latMin,                           lat_min_euref,                                      decimalLatitudeMinEUREF,                          FALSE,       FALSE,       integer,   integer,   TRUE,   TRUE,   TRUE,  TRUE
gathering.conversions.euref.lonMax,                           lon_max_euref,                                      decimalLongitudeMaxEUREF,                         FALSE,       FALSE,       integer,   integer,   TRUE,   TRUE,   TRUE,  TRUE
gathering.conversions.euref.lonMin,                           lon_min_euref,                                      decimalLongitudeMinEUREF,                         FALSE,       FALSE,       integer,   integer,   TRUE,   TRUE,   TRUE,  TRUE
gathering.conversions.eurefWKT,                               footprint_euref,                                    footprintWKT_EUREF,                               FALSE,       FALSE,       character, character, TRUE,   TRUE,   FALSE, TRUE
gathering.conversions.month,                                  month,                                              month,                                            FALSE,       FALSE,       integer,   integer,   TRUE,   TRUE,   TRUE,  TRUE
gathering.conversions.seasonBegin,                            season_start,                                       seasonStart,                                      FALSE,       FALSE,       integer,   integer,   TRUE,   TRUE,   TRUE,  TRUE
gathering.conversions.seasonEnd,                              season_end,                                         seasonEnd,                                        FALSE,       FALSE,       integer,   integer,   TRUE,   TRUE,   TRUE,  TRUE
gathering.conversions.wgs84.latMax,                           lat_max_wgs84,                                      decimalLatitudeMaxWGS84,                          FALSE,       FALSE,       double,    double,    TRUE,   TRUE,   TRUE,  TRUE
gathering.conversions.wgs84.latMin,                           lat_min_wgs84,                                      decimalLatitudeMinWGS84,                          FALSE,       FALSE,       double,    double,    TRUE,   TRUE,   TRUE,  TRUE
gathering.conversions.wgs84.lonMax,                           lon_max_wgs84,                                      decimalLongitudeMaxWGS84,                         FALSE,       FALSE,       double,    double,    TRUE,   TRUE,   TRUE,  TRUE
gathering.conversions.wgs84.lonMin,                           lon_min_wgs84,                                      decimalLongitudeMinWGS84,                         FALSE,       FALSE,       double,    double,    TRUE,   TRUE,   TRUE,  TRUE
gathering.conversions.wgs84Grid005.lat,                       lat_005_wgs84,                                      decimalLatitudeGrid005WGS84,                      FALSE,       FALSE,       double,    double,    TRUE,   TRUE,   TRUE,  FALSE
gathering.conversions.wgs84Grid005.lon,                       lon_005_wgs84,                                      decimalLongitudeGrid005WGS84,                     FALSE,       FALSE,       double,    double,    TRUE,   TRUE,   TRUE,  FALSE
gathering.conversions.wgs84Grid01.lat,                        lat_01_wgs84,                                       decimalLatitudeGrid01WGS84,                       FALSE,       FALSE,       double,    double,    TRUE,   TRUE,   TRUE,  FALSE
gathering.conversions.wgs84Grid01.lon,                        lon_01_wgs84,                                       decimalLongitudeGrid01WGS84,                      FALSE,       FALSE,       double,    double,    TRUE,   TRUE,   TRUE,  FALSE
gathering.conversions.wgs84Grid05.lat,                        lat_05_wgs84,                                       decimalLatitudeGrid05WGS84,                       FALSE,       FALSE,       double,    double,    TRUE,   TRUE,   TRUE,  FALSE
gathering.conversions.wgs84Grid05.lon,                        lon_05_wgs84,                                       decimalLongitudeGrid05WGS84,                      FALSE,       FALSE,       double,    double,    TRUE,   TRUE,   TRUE,  FALSE
gathering.conversions.wgs84Grid1.lat,                         lat_1_wgs84,                                        decimalLatitudeGrid1WGS84,                        FALSE,       FALSE,       double,    double,    TRUE,   TRUE,   TRUE,  FALSE
gathering.conversions.wgs84Grid1.lon,                         lon_1_wgs84,                                        decimalLongitudeGrid1WGS84,                       FALSE,       FALSE,       double,    double,    TRUE,   TRUE,   TRUE,  FALSE
gathering.conversions.year,                                   year,                                               year,                                             FALSE,       FALSE,       integer,   integer,   TRUE,   TRUE,   TRUE,  TRUE
gathering.conversions.ykj.latMax,                             lat_max_kkj,                                        decimalLatitudeMaxKKJ,                            FALSE,       FALSE,       integer,   integer,   TRUE,   TRUE,   TRUE,  TRUE
gathering.conversions.ykj.latMin,                             lat_min_kkj,                                        decimalLatitudeMinKKJ,                            FALSE,       FALSE,       integer,   integer,   TRUE,   TRUE,   TRUE,  TRUE
gathering.conversions.ykj.lonMax,                             lon_max_kkj,                                        decimalLongitudeMaxKKJ,                           FALSE,       FALSE,       integer,   integer,   TRUE,   TRUE,   TRUE,  TRUE
gathering.conversions.ykj.lonMin,                             lon_min_kkj,                                        decimalLongitudeMinKKJ,                           FALSE,       FALSE,       integer,   integer,   TRUE,   TRUE,   TRUE,  TRUE
gathering.conversions.ykj100km.lat,                           lat_100_kkj,                                        decimalLatitudeGrid100KKJ,                        FALSE,       FALSE,       integer,   integer,   TRUE,   TRUE,   TRUE,  FALSE
gathering.conversions.ykj100km.lon,                           lon_100_kkj,                                        decimalLongitudeGrid100KKJ,                       FALSE,       FALSE,       integer,   integer,   TRUE,   TRUE,   TRUE,  FALSE
gathering.conversions.ykj100kmCenter.lat,                     lat_100_center_kkj,                                 decimalLatitudeGrid100CenterKKJ,                  FALSE,       FALSE,       integer,   integer,   TRUE,   TRUE,   TRUE,  FALSE
gathering.conversions.ykj100kmCenter.lon,                     lon_100_center_kkj,                                 decimalLongitudeGrid100CenterKKJ,                 FALSE,       FALSE,       integer,   integer,   TRUE,   TRUE,   TRUE,  FALSE
gathering.conversions.ykj10km.lat,                            lat_10_kkj,                                         decimalLatitudeGrid10KKJ,                         FALSE,       FALSE,       integer,   integer,   TRUE,   TRUE,   TRUE,  FALSE
gathering.conversions.ykj10km.lon,                            lon_10_kkj,                                         decimalLongitudeGrid10KKJ,                        FALSE,       FALSE,       integer,   integer,   TRUE,   TRUE,   TRUE,  FALSE
gathering.conversions.ykj10kmCenter.lat,                      lat_10_center_kkj,                                  decimalLatitudeGrid10CenterKKJ,                   FALSE,       FALSE,       integer,   integer,   TRUE,   TRUE,   TRUE,  FALSE
gathering.conversions.ykj10kmCenter.lon,                      lon_10_center_kkj,                                  decimalLongitudeGrid10CenterKKJ,                  FALSE,       FALSE,       integer,   integer,   TRUE,   TRUE,   TRUE,  FALSE
gathering.conversions.ykj1km.lat,                             lat_1_kkj,                                          decimalLatitudeGrid1KKJ,                          FALSE,       FALSE,       integer,   integer,   TRUE,   TRUE,   TRUE,  FALSE
gathering.conversions.ykj1km.lon,                             lon_1_kkj,                                          decimalLongitudeGrid1KKJ,                         FALSE,       FALSE,       integer,   integer,   TRUE,   TRUE,   TRUE,  FALSE
gathering.conversions.ykj1kmCenter.lat,                       lat_1_center_kkj,                                   decimalLatitudeGrid1CenterKKJ,                    FALSE,       FALSE,       integer,   integer,   TRUE,   TRUE,   TRUE,  FALSE
gathering.conversions.ykj1kmCenter.lon,                       lon_1_center_kkj,                                   decimalLongitudeGrid1CenterKKJ,                   FALSE,       FALSE,       integer,   integer,   TRUE,   TRUE,   TRUE,  FALSE
gathering.conversions.ykj50km.lat,                            lat_50_kkj,                                         decimalLatitudeGrid50KKJ,                         FALSE,       FALSE,       integer,   integer,   TRUE,   TRUE,   TRUE,  FALSE
gathering.conversions.ykj50km.lon,                            lon_50_kkj,                                         decimalLongitudeGrid50KKJ,                        FALSE,       FALSE,       integer,   integer,   TRUE,   TRUE,   TRUE,  FALSE
gathering.conversions.ykj50kmCenter.lat,                      lat_50_center_kkj,                                  decimalLatitudeGrid50CenterKKJ,                   FALSE,       FALSE,       integer,   integer,   TRUE,   TRUE,   TRUE,  FALSE
gathering.conversions.ykj50kmCenter.lon,                      lon_50_center_kkj,                                  decimalLongitudeGrid50CenterKKJ,                  FALSE,       FALSE,       integer,   integer,   TRUE,   TRUE,   TRUE,  FALSE
gathering.conversions.ykjWKT,                                 footprint_kkj,                                      footprintWKT_KKJ,                                 FALSE,       FALSE,       character, character, TRUE,   TRUE,   FALSE, TRUE
gathering.coordinatesVerbatim,                                coordinates_verbatim,                               verbatimCoordinates,                              FALSE,       FALSE,       character, character, TRUE,   TRUE,   TRUE,  FALSE
gathering.country,                                            country_verbatim,                                   verbatimCountry,                                  FALSE,       FALSE,       character, character, TRUE,   TRUE,   TRUE,  FALSE
gathering.displayDateTime,                                    formatted_date_time,                                eventDateTimeDisplay,                             FALSE,       FALSE,       character, character, TRUE,   TRUE,   TRUE,  TRUE
gathering.facts.decimalValue,                                 event_fact_decimal,                                 eventFactDecimal,                                 FALSE,       FALSE,       double,    double,    FALSE,  TRUE,   FALSE, FALSE
gathering.facts.fact,                                         event_fact_content,                                 eventFactContent,                                 FALSE,       FALSE,       character, character, FALSE,  TRUE,   FALSE, FALSE
gathering.facts.integerValue,                                 event_fact_integer,                                 eventFactInteger,                                 FALSE,       FALSE,       integer,   integer,   FALSE,  TRUE,   FALSE, FALSE
gathering.facts.value,                                        event_fact_value,                                   eventFactValue,                                   FALSE,       FALSE,       character, character, FALSE,  TRUE,   FALSE, FALSE
gathering.gatheringOrder,                                     event_order,                                        eventOrder,                                       FALSE,       FALSE,       integer,   integer,   FALSE,  TRUE,   TRUE,  TRUE
gathering.higherGeography,                                    higher_geography,                                   higherGeography,                                  FALSE,       FALSE,       character, character, TRUE,   TRUE,   TRUE,  TRUE
gathering.interpretations.biogeographicalProvince,            province_id,                                        stateProvinceID,                                  FALSE,       FALSE,       character, uri,       TRUE,   TRUE,   TRUE,  FALSE
gathering.interpretations.biogeographicalProvinces,           province_ids,                                       stateProvinceIDs,                                 FALSE,       FALSE,       character, uri,       FALSE,  TRUE,   FALSE, FALSE
gathering.interpretations.coordinateAccuracy,                 coordinates_uncertainty,                            coordinateUncertaintyInMeters,                    TRUE,        FALSE,       integer,   integer,   TRUE,   TRUE,   TRUE,  TRUE
gathering.interpretations.country,                            country_id,                                         countryID,                                        FALSE,       FALSE,       character, uri,       TRUE,   TRUE,   TRUE,  FALSE
gathering.interpretations.finnishMunicipalities,              municipality_ids,                                   countyIDs,                                        FALSE,       FALSE,       character, uri,       FALSE,  TRUE,   FALSE, FALSE
gathering.interpretations.finnishMunicipality,                municipality_id,                                    countyID,                                         FALSE,       FALSE,       character, uri,       TRUE,   TRUE,   TRUE,  FALSE
gathering.interpretations.sourceOfBiogeographicalProvince,    province_source,                                    stateProvinceSource,                              FALSE,       FALSE,       character, factor,    TRUE,   TRUE,   TRUE,  FALSE
gathering.interpretations.sourceOfCoordinates,                coordinates_source,                                 georeferenceSources,                              FALSE,       FALSE,       character, factor,    TRUE,   TRUE,   TRUE,  TRUE
gathering.interpretations.sourceOfCountry,                    country_source,                                     countrySource,                                    FALSE,       FALSE,       character, factor,    TRUE,   TRUE,   TRUE,  FALSE
gathering.interpretations.sourceOfFinnishMunicipality,        municipality_source,                                countySource,                                     FALSE,       FALSE,       character, factor,    TRUE,   TRUE,   TRUE,  FALSE
gathering.linkings.observers.fullName,                        observers_name,                                     recordedBy,                                       FALSE,       FALSE,       character, character, FALSE,  TRUE,   FALSE, FALSE
gathering.linkings.observers.id,                              observers_id,                                       recordedByID,                                     FALSE,       FALSE,       character, uri,       FALSE,  TRUE,   FALSE, FALSE
gathering.linkings.observers.userId,                          observers_user_id,                                  recordedByID2,                                    FALSE,       FALSE,       character, character, FALSE,  TRUE,   FALSE, FALSE
gathering.locality,                                           locality,                                           locality,                                         FALSE,       FALSE,       character, character, TRUE,   TRUE,   TRUE,  FALSE
gathering.media.author,                                       event_media_author,                                 eventAssociatedMediaBy,                           FALSE,       FALSE,       character, character, FALSE,  TRUE,   FALSE, TRUE
gathering.media.caption,                                      event_media_caption,                                eventAssociatedMediaCaption,                      FALSE,       FALSE,       character, character, FALSE,  TRUE,   FALSE, TRUE
gathering.media.copyrightOwner,                               event_media_copyright,                              eventAssociatedMediaRightsHolder,                 FALSE,       FALSE,       character, character, FALSE,  TRUE,   FALSE, TRUE
gathering.media.fullURL,                                      event_media_url,                                    eventAssociatedMediaURL,                          FALSE,       FALSE,       character, uri,       FALSE,  TRUE,   FALSE, TRUE
gathering.media.licenseAbbreviation,                          event_media_license_abbr,                           eventAssociatedMediaLicenseAbbreviation,          FALSE,       FALSE,       character, character, FALSE,  TRUE,   FALSE, TRUE
gathering.media.licenseId,                                    event_media_license_id,                             eventAssociatedMediaLicenseID,                    FALSE,       FALSE,       character, uri,       FALSE,  TRUE,   FALSE, TRUE
gathering.media.mediaType,                                    event_media_type,                                   eventAssociatedMediaLicenseType,                  FALSE,       FALSE,       character, factor,    FALSE,  TRUE,   FALSE, TRUE
gathering.media.squareThumbnailURL,                           event_thumbnail_square,                             eventAssociatedMediaSquareThumbnailURL,           FALSE,       FALSE,       character, uri,       FALSE,  TRUE,   FALSE, TRUE
gathering.media.thumbnailURL,                                 event_thumbnail,                                    eventAssociatedMediaThumbnailURL,                 FALSE,       FALSE,       character, uri,       FALSE,  TRUE,   FALSE, TRUE
gathering.mediaCount,                                         event_media_count,                                  eventAssociatedMediaCount,                        FALSE,       FALSE,       character, character, TRUE,   TRUE,   TRUE,  TRUE
gathering.municipality,                                       municipality_verbatim,                              verbatimCounty,                                   FALSE,       FALSE,       character, character, TRUE,   TRUE,   TRUE,  FALSE
gathering.province,                                           province_verbatim2,                                 verbatimStateProvince2,                           FALSE,       FALSE,       character, character, TRUE,   TRUE,   TRUE,  FALSE
gathering.notes,                                              event_notes,                                        eventRemarks,                                     FALSE,       FALSE,       character, character, TRUE,   TRUE,   FALSE, TRUE
gathering.observerUserIds,                                    observers_ids,                                      recordedByIDs,                                    FALSE,       FALSE,       character, uri,       FALSE,  TRUE,   FALSE, TRUE
gathering.quality.issue.issue,                                event_issue,                                        eventIssue,                                       TRUE,        TRUE,        character, factor,    TRUE,   TRUE,   TRUE,  TRUE
gathering.quality.issue.message,                              event_issue_message,                                eventIssueRemarks,                                FALSE,       TRUE,        character, character, TRUE,   TRUE,   FALSE, TRUE
gathering.quality.issue.source,                               event_issue_source,                                 eventIssueSource,                                 FALSE,       TRUE,        character, factor,    TRUE,   TRUE,   TRUE,  TRUE
gathering.quality.locationIssue.issue,                        location_issue,                                     locationIssue,                                    TRUE,        TRUE,        character, factor,    TRUE,   TRUE,   TRUE,  TRUE
gathering.quality.locationIssue.message,                      location_issue_message,                             locationIssueRemarks,                             FALSE,       TRUE,        character, character, TRUE,   TRUE,   FALSE, TRUE
gathering.quality.locationIssue.source,                       location_issue_source,                              locationIssueSource,                              FALSE,       TRUE,        character, factor,    TRUE,   TRUE,   TRUE,  TRUE
gathering.quality.timeIssue.issue,                            time_issue,                                         timeIssue,                                        TRUE,        TRUE,        character, factor,    TRUE,   TRUE,   TRUE,  TRUE
gathering.quality.timeIssue.message,                          time_issue_message,                                 timeIssueRemarks,                                 FALSE,       TRUE,        character, character, TRUE,   TRUE,   FALSE, TRUE
gathering.quality.timeIssue.source,                           time_issue_source,                                  timeIssueSource,                                  FALSE,       TRUE,        character, factor,    TRUE,   TRUE,   TRUE,  TRUE
gathering.taxonCensus.taxonId,                                taxon_cenus_id,                                     taxonCensusID,                                    FALSE,       FALSE,       character, uri,       TRUE,   TRUE,   FALSE, TRUE
gathering.taxonCensus.type,                                   taxon_census_type,                                  taxonCensusType,                                  FALSE,       FALSE,       character, factor,    TRUE,   TRUE,   FALSE, TRUE
gathering.team,                                               team,                                               recordedByTeam,                                   FALSE,       FALSE,       character, character, FALSE,  TRUE,   TRUE,  FALSE
document.annotations.annotationByPerson,                      document_annotation_person_id,                      documentAnnotationRecordedByID,                   FALSE,       FALSE,       character, uri,       FALSE,  TRUE,   FALSE, FALSE
document.annotations.annotationByPersonName,                  document_annotation_person_name,                    documentAnnotationRecordedBy,                     FALSE,       FALSE,       character, character, FALSE,  TRUE,   FALSE, FALSE
document.annotations.annotationBySystem,                      document_annotation_system_id,                      documentAnnotationSystemID,                       FALSE,       FALSE,       character, uri,       FALSE,  TRUE,   FALSE, FALSE
document.annotations.annotationBySystemName,                  document_annotation_system_name,                    documentAnnotationSystem,                         FALSE,       FALSE,       character, character, FALSE,  TRUE,   FALSE, FALSE
document.annotations.annotationClass,                         document_annotation_class,                          documentAnnotationClass,                          FALSE,       FALSE,       character, character, FALSE,  TRUE,   FALSE, FALSE
document.annotations.created,                                 document_annotation_created,                        documentAnnotationDate,                           FALSE,       FALSE,       character, date,      FALSE,  TRUE,   FALSE, FALSE
document.annotations.id,                                      document_annotation_id,                             documentAnnotationID,                             FALSE,       FALSE,       character, uri,       FALSE,  TRUE,   FALSE, FALSE
document.annotations.invasiveControlEffectiveness,            document_annotation_invasive_control_effectiveness, documentAnnotationInvasiveControlEffectiveness,   FALSE,       FALSE,       character, factor,    FALSE,  TRUE,   FALSE, FALSE
document.annotations.notes,                                   document_annotation_notes,                          documentAnnotationRemarks,                        FALSE,       FALSE,       character, character, FALSE,  TRUE,   FALSE, FALSE
document.annotations.opinion,                                 document_annotation_opinion,                        documentAnnotationOpinion,                        FALSE,       FALSE,       character, character, FALSE,  TRUE,   FALSE, FALSE
document.annotations.rootID,                                  document_annotation_root_id,                        documentAnnotationRootID,                         FALSE,       FALSE,       character, uri,       FALSE,  TRUE,   FALSE, FALSE
document.annotations.targetID,                                document_annotation_target_id,                      documentAnnotationTargetID,                       FALSE,       FALSE,       character, uri,       FALSE,  TRUE,   FALSE, FALSE
document.annotations.type,                                    document_annotation_type,                           documentAnnotationType,                           FALSE,       FALSE,       character, character, FALSE,  TRUE,   FALSE, FALSE
unit.annotations.rootID,                                      record_annotation_root_id,                          occurrenceAnnotationRootID,                       FALSE,       FALSE,       character, uri,       FALSE,  TRUE,   FALSE, FALSE
unit.annotations.targetID,                                    record_annotation_target_id,                        occurrenceAnnotationTargetID,                     FALSE,       FALSE,       character, uri,       FALSE,  TRUE,   FALSE, FALSE
unit.keywords,                                                record_keywords,                                    occurrenceKeywords,                               FALSE,       FALSE,       character, character, FALSE,  TRUE,   FALSE, TRUE
unit.sampleCount,                                             sample_count,                                       materialSampleCount,                              FALSE,       FALSE,       integer,   integer,   FALSE,  TRUE,   FALSE, TRUE
unit.samples.collectionId,                                    sample_collection_id,                               materialSampleCollectionID,                       FALSE,       FALSE,       character, uri,       FALSE,  TRUE,   FALSE, FALSE
unit.samples.facts.decimalValue,                              sample_fact_decimal,                                materialSampleFactDecimal,                        FALSE,       FALSE,       double,    double,    FALSE,  TRUE,   FALSE, FALSE
unit.samples.facts.fact,                                      sample_fact_content,                                materialSampleFactContent,                        FALSE,       FALSE,       character, character, FALSE,  TRUE,   FALSE, FALSE
unit.samples.facts.integerValue,                              sample_fact_integer,                                materialSampleFactInteger,                        FALSE,       FALSE,       integer,   integer,   FALSE,  TRUE,   FALSE, FALSE
unit.samples.facts.value,                                     sample_fact_value,                                  materialSampleFactValue,                          FALSE,       FALSE,       character, character, FALSE,  TRUE,   FALSE, FALSE
unit.samples.keywords,                                        sample_keywords,                                    materialSampleKeywords,                           FALSE,       FALSE,       character, character, FALSE,  TRUE,   FALSE, FALSE
unit.samples.multiple,                                        sample_multiple,                                    materialSampleMultiple,                           FALSE,       FALSE,       character, character, FALSE,  TRUE,   FALSE, FALSE
unit.samples.notes,                                           sample_notes,                                       materialSampleRemarks,                            FALSE,       FALSE,       character, character, FALSE,  TRUE,   FALSE, FALSE
unit.samples.quality,                                         sample_quality,                                     materialSampleQuality,                            FALSE,       FALSE,       character, factor,    FALSE,  TRUE,   FALSE, FALSE
unit.samples.sampleId,                                        sample_id,                                          materialSampleID,                                 FALSE,       FALSE,       character, uri,       FALSE,  TRUE,   FALSE, FALSE
unit.samples.sampleOrder,                                     sample_order,                                       materialSampleOrder,                              FALSE,       FALSE,       character, character, FALSE,  TRUE,   FALSE, FALSE
unit.samples.status,                                          sample_status,                                      materialSampleStatus,                             FALSE,       FALSE,       character, character, FALSE,  TRUE,   FALSE, FALSE
unit.samples.type,                                            sample_type,                                        materialSampleType,                               FALSE,       FALSE,       character, character, FALSE,  TRUE,   FALSE, FALSE
unit.samples.material,                                        sample_material,                                    materialSampleMaterial,                           FALSE,       FALSE,       character, character, FALSE,  TRUE,   FALSE, FALSE
document.namedPlace.birdAssociationAreaDisplayName,           bird_assoc_area,                                    birdAssociationArea,                              FALSE,       FALSE,       character, character, TRUE,   FALSE,  TRUE,  FALSE
document.namedPlace.municipalityDisplayName,                  municipality2,                                      countyDisplay,                                    FALSE,       FALSE,       character, character, TRUE,   FALSE,  TRUE,  FALSE
document.namedPlace.name,                                     location,                                           namedPlace,                                       FALSE,       FALSE,       character, character, TRUE,   FALSE,  TRUE,  FALSE
unit.linkings.originalTaxon.author,                           orig_taxon_author,                                  originalTaxonNameAuthorship,                      FALSE,       FALSE,       character, character, TRUE,   FALSE,  TRUE,  FALSE
unit.linkings.originalTaxon.invasive,                         orig_taxon_is_invasive,                             originalTaxonIsInvasive,                          FALSE,       FALSE,       logical,   logical,   TRUE,   FALSE,  TRUE,  FALSE
unit.linkings.originalTaxon.nameEnglish,                      orig_common_name_english,                           originalVernacularNameEnglish,                    FALSE,       FALSE,       character, character, TRUE,   FALSE,  TRUE,  FALSE
unit.linkings.originalTaxon.nameFinnish,                      orig_common_name_finnish,                           originalVernacularNameFinnish,                    FALSE,       FALSE,       character, character, TRUE,   FALSE,  TRUE,  FALSE
unit.linkings.originalTaxon.nameSwedish,                      orig_common_name_swedish,                           originalVernacularNameSwedish,                    FALSE,       FALSE,       character, character, TRUE,   FALSE,  TRUE,  FALSE
unit.linkings.originalTaxon.redListStatus,                    orig_red_list_status,                               originalTaxonRedListStatus,                       FALSE,       FALSE,       character, factor,    TRUE,   FALSE,  TRUE,  FALSE
unit.linkings.originalTaxon.species,                          orig_is_species,                                    originalTaxonIsSpecies,                           FALSE,       FALSE,       logical,   logical,   TRUE,   FALSE,  TRUE,  FALSE
unit.linkings.originalTaxon.speciesNameEnglish,               orig_species_english_name,                          originalTaxonSpeciesNameEnglish,                  FALSE,       FALSE,       character, character, TRUE,   FALSE,  TRUE,  FALSE
unit.linkings.originalTaxon.speciesNameFinnish,               orig_species_finnish_name,                          originalTaxonSpeciesNameFinnish,                  FALSE,       FALSE,       character, character, TRUE,   FALSE,  TRUE,  FALSE
unit.linkings.originalTaxon.speciesNameSwedish,               orig_species_swedish_name,                          originalTaxonSpeciesNameSwedish,                  FALSE,       FALSE,       character, character, TRUE,   FALSE,  TRUE,  FALSE
unit.linkings.originalTaxon.speciesScientificName,            orig_species_scientific_name,                       originalTaxonScientificName,                      FALSE,       FALSE,       character, character, TRUE,   FALSE,  TRUE,  FALSE
unit.linkings.originalTaxon.taxonomicOrder,                   orig_taxonomic_order,                               originalTaxonTaxonomicOrder,                      FALSE,       FALSE,       character, character, TRUE,   FALSE,  TRUE,  FALSE
unit.linkings.taxon.author,                                   taxon_author,                                       verbatimTaxonAuthorship,                          FALSE,       FALSE,       character, character, TRUE,   FALSE,  TRUE,  FALSE
unit.linkings.taxon.invasive,                                 taxon_is_invasive,                                  taxonIsInvasive,                                  FALSE,       FALSE,       logical,   logical,   TRUE,   FALSE,  TRUE,  FALSE
unit.linkings.taxon.nameEnglish,                              common_name_english,                                vernacularNameEnglish,                            FALSE,       FALSE,       character, character, TRUE,   FALSE,  TRUE,  FALSE
unit.linkings.taxon.nameFinnish,                              common_name_finnish,                                vernacularNameFinnish,                            FALSE,       FALSE,       character, character, TRUE,   FALSE,  TRUE,  FALSE
unit.linkings.taxon.nameSwedish,                              common_name_swedish,                                vernacularNameSwedish,                            FALSE,       FALSE,       character, character, TRUE,   FALSE,  TRUE,  FALSE
unit.linkings.taxon.redListStatus,                            red_list_status,                                    taxonRedListStatus,                               FALSE,       FALSE,       character, character, TRUE,   FALSE,  TRUE,  FALSE
unit.linkings.taxon.species,                                  is_species,                                         taxonIsSpecies,                                   FALSE,       FALSE,       logical,   logical,   TRUE,   FALSE,  TRUE,  FALSE
unit.linkings.taxon.speciesNameEnglish,                       species_name_english,                               taxonSpeciesNameEnglish,                          FALSE,       FALSE,       character, character, TRUE,   FALSE,  TRUE,  FALSE
unit.linkings.taxon.speciesNameFinnish,                       species_name_finnish,                               taxonSpeciesNameFinnish,                          FALSE,       FALSE,       character, character, TRUE,   FALSE,  TRUE,  FALSE
unit.linkings.taxon.speciesNameSwedish,                       species_name_swedish,                               taxonSpeciesNameSwedish,                          FALSE,       FALSE,       character, character, TRUE,   FALSE,  TRUE,  FALSE
unit.linkings.taxon.speciesScientificName,                    species_scientific_name,                            taxonSpeciesScientificName,                       FALSE,       FALSE,       character, character, TRUE,   FALSE,  TRUE,  FALSE
unit.linkings.taxon.taxonomicOrder,                           taxonomic_order,                                    taxonTaxonomicOrder,                              FALSE,       FALSE,       character, character, TRUE,   FALSE,  TRUE,  FALSE
